test,group1,group2,statistic,p_value,p_adj
Kruskal-Wallis,ALL,ALL,1.4207690599429554,0.49145518187514625,0.49145518187514625
Mann-Whitney U,Infected,Non-infectious SIRS,115.0,0.2812127678694737,0.42181915180421053
Mann-Whitney U,Infected,sepsis,146.0,0.2694597485453756,0.42181915180421053
Mann-Whitney U,Non-infectious SIRS,sepsis,585.0,0.8578636930919548,0.8578636930919549
